,SiteName2,SampleName,CoreName_2,Extracted_IntervalStart_Depth_cm,Extracted_IntervalEnd_Depth_cm,Corrected_IntervalStart_Depth_cm,Corrected_IntervalEnd_Depth_cm,Corrected_DBD_g_cm3,Corrected_Sample_Thickness_cm,Province,Region,Site,OC_Per,Study,Percent.Sand.Fraction,Percent.Gravel.Fraction,Percent.Silt.Fraction,Core.Number,Corrected_Midpoint_cm,Corrected_Midpoint_cm_rounded,Prov,SiteCode,Watercourse_NEAR_FID,Watercourse_NEAR_DIST,Elevation,REI,LOI_Percent,Coast,Type
1,Airpark,BC-BOB-3-SG-3-0-2,BC-BOB-3-SG-3,0,2,0,3.2,1.383308139,3.2,BC,Lower Mainland,Boundary Bay,0.472,Christensen,93.3,0,6.6,3,1.6,5,BC ,BOB,1935,11002.10462,-26,10488.30575,1.438578934,Pacific,Seagrass
2,Airpark,BC-BOB-3-SG-3-10-20,BC-BOB-3-SG-3,10,20,16.2,32.5,1.247245043,16.3,BC,Lower Mainland,Boundary Bay,0.26,Christensen,96.5,0,3.5,3,24.35,25,BC ,BOB,1935,11002.10462,-26,10488.30575,1.095890411,Pacific,Seagrass
3,Airpark,BC-BOB-3-SG-3-2-5,BC-BOB-3-SG-3,2,5,3.2,8.1,1.206306263,4.9,BC,Lower Mainland,Boundary Bay,0.494,Christensen,93.7,0,6.4,3,5.65,10,BC ,BOB,1935,11002.10462,-26,10488.30575,1.550775388,Pacific,Seagrass
4,Airpark,BC-BOB-3-SG-3-20-30.5,BC-BOB-3-SG-3,20,30.5,32.5,49.5,1.480814493,17,BC,Lower Mainland,Boundary Bay,0.21,Christensen,97.5,0,2.5,3,41,45,BC ,BOB,1935,11002.10462,-26,10488.30575,1.0375,Pacific,Seagrass
5,Airpark,BC-BOB-3-SG-3-5-10,BC-BOB-3-SG-3,5,10,8.1,6.2,1.18780362,-1.9,BC,Lower Mainland,Boundary Bay,0.342,Christensen,97,0,3,3,7.15,10,BC ,BOB,1935,11002.10462,-26,10488.30575,1.220575414,Pacific,Seagrass
6,Airpark,BC-BOB-4-SG-4-0-2,BC-BOB-4-SG-4,0,2,0,2.2,1.164336073,2.2,BC,Lower Mainland,Boundary Bay,0.425,Christensen,94.4,0,5.6,4,1.1,5,BC ,BOB,1935,11002.10462,-26,10488.30575,1.547871676,Pacific,Seagrass
7,Airpark,BC-BOB-4-SG-4-10-20,BC-BOB-4-SG-4,10,20,10.8,21.5,0.732440857,10.7,BC,Lower Mainland,Boundary Bay,0.225,Christensen,97,0,3,4,16.15,20,BC ,BOB,1935,11002.10462,-26,10488.30575,2.186406797,Pacific,Seagrass
8,Airpark,BC-BOB-4-SG-4-2-5,BC-BOB-4-SG-4,2,5,2.2,5.4,0.592982304,3.2,BC,Lower Mainland,Boundary Bay,0.339,Christensen,95.6,0,4.5,4,3.8,5,BC ,BOB,1935,11002.10462,-26,10488.30575,1.370545726,Pacific,Seagrass
9,Airpark,BC-BOB-4-SG-4-20-30,BC-BOB-4-SG-4,20,30,21.5,32.3,0.971264118,10.8,BC,Lower Mainland,Boundary Bay,0.24,Christensen,95.6,0,4.5,4,26.9,30,BC ,BOB,1935,11002.10462,-26,10488.30575,1.23685838,Pacific,Seagrass
10,Airpark,BC-BOB-4-SG-4-30-39.9,BC-BOB-4-SG-4,30,39.9,32.3,42.9,0.783869166,10.6,BC,Lower Mainland,Boundary Bay,0.199,Christensen,97.2,0,2.8,4,37.6,40,BC ,BOB,1935,11002.10462,-26,10488.30575,1.843317972,Pacific,Seagrass
11,Airpark,BC-BOB-4-SG-4-5-10,BC-BOB-4-SG-4,5,10,5.4,0.8,0.676796057,-4.6,BC,Lower Mainland,Boundary Bay,0.322,Christensen,95.5,0,4.6,4,3.1,5,BC ,BOB,1935,11002.10462,-26,10488.30575,1.008215086,Pacific,Seagrass
12,Annandale,PEI-ANN-3-SG-3-0-2,PEI-ANN-3-SG-,0,2,0,3.2,0.901681755,3.2,PEI,Gulf of St Lawrence,Annandale,0.335,Christensen,94.5,0,5.5,3,1.6,5,PEI ,ANN,3457,89030.64851,-2,1656.040646,1.674162919,Gulf of St.Lawrence,Seagrass
13,Annandale,PEI-ANN-3-SG-3-10-20,PEI-ANN-3-SG-,10,20,15.8,31.6,0.651601965,15.8,PEI,Gulf of St Lawrence,Annandale,0.184,Christensen,94,0,6.1,3,23.7,25,PEI ,ANN,3457,89030.64851,-2,1656.040646,0.995272456,Gulf of St.Lawrence,Seagrass
14,Annandale,PEI-ANN-3-SG-3-2-5,PEI-ANN-3-SG-,2,5,3.2,7.9,0.813372332,4.7,PEI,Gulf of St Lawrence,Annandale,0.299,Christensen,95.4,0,4.5,3,5.55,10,PEI ,ANN,3457,89030.64851,-2,1656.040646,1.397903145,Gulf of St.Lawrence,Seagrass
15,Annandale,PEI-ANN-3-SG-3-20-33.5,PEI-ANN-3-SG-,20,33.5,31.6,53,0.862760476,21.4,PEI,Gulf of St Lawrence,Annandale,0.774,Christensen,78.8,0,21,3,42.3,45,PEI ,ANN,3457,89030.64851,-2,1656.040646,1.823632276,Gulf of St.Lawrence,Seagrass
16,Annandale,PEI-ANN-3-SG-3-5-10,PEI-ANN-3-SG-,5,10,7.9,15.8,1.072265394,7.9,PEI,Gulf of St Lawrence,Annandale,0.218,Christensen,94.2,0,5.8,3,11.85,15,PEI ,ANN,3457,89030.64851,-2,1656.040646,1.075403276,Gulf of St.Lawrence,Seagrass
17,Annandale,PEI-ANN-5-SG-5-0-2,PEI-ANN-5-SG-,0,2,0,3.4,0.658320177,3.4,PEI,Gulf of St Lawrence,Annandale,0.304,Christensen,96.3,0,3.6,5,1.7,5,PEI ,ANN,3457,89030.64851,-2,1656.040646,1.900385045,Gulf of St.Lawrence,Seagrass
18,Annandale,PEI-ANN-5-SG-5-10-20,PEI-ANN-5-SG-,10,20,16.8,33.7,0.889856846,16.9,PEI,Gulf of St Lawrence,Annandale,0.22,Christensen,91.3,0,8.8,5,25.25,30,PEI ,ANN,3457,89030.64851,-2,1656.040646,0.897755611,Gulf of St.Lawrence,Seagrass
19,Annandale,PEI-ANN-5-SG-5-2-5,PEI-ANN-5-SG-,2,5,3.4,8.4,1.005862407,5,PEI,Gulf of St Lawrence,Annandale,0.258,Christensen,94.8,0,5.1,5,5.9,10,PEI ,ANN,3457,89030.64851,-2,1656.040646,1.325497061,Gulf of St.Lawrence,Seagrass
20,Annandale,PEI-ANN-5-SG-5-20-30.4,PEI-ANN-5-SG-,20,30.4,33.7,51.2,0.589298041,17.5,PEI,Gulf of St Lawrence,Annandale,0.503,Christensen,80.6,0,19.2,5,42.45,45,PEI ,ANN,3457,89030.64851,-2,1656.040646,1.411468179,Gulf of St.Lawrence,Seagrass
21,Annandale,PEI-ANN-5-SG-5-5-10,PEI-ANN-5-SG-,5,10,8.4,16.8,0.898857849,8.4,PEI,Gulf of St Lawrence,Annandale,0.223,Christensen,92.7,0,7.2,5,12.6,15,PEI ,ANN,3457,89030.64851,-2,1656.040646,1.036204744,Gulf of St.Lawrence,Seagrass
22,Cardigan,PEI-CAR-3-SG-3-0-2,PEI-CAR-3-SG-,0,2,0,3.1,0.876132204,3.1,PEI,Gulf of St Lawrence,Cardigan,0.338,Christensen,91.9,0,8.1,3,1.55,5,PEI ,CAR,3457,81385.10969,8,1680.311839,1.602928184,Gulf of St.Lawrence,Seagrass
23,Cardigan,PEI-CAR-3-SG-3-2-5,PEI-CAR-3-SG-,2,5,3.1,7.7,0.792169534,4.6,PEI,Gulf of St Lawrence,Cardigan,0.26,Christensen,86.3,0,13.8,3,5.4,10,PEI ,CAR,3457,81385.10969,8,1680.311839,1.324753974,Gulf of St.Lawrence,Seagrass
24,Cardigan,PEI-CAR-3-SG-3-20-31.8,PEI-CAR-3-SG-,20,31.8,30.8,48.9,1.083409243,18.1,PEI,Gulf of St Lawrence,Cardigan,0.055,Christensen,66.7,0,33.2,3,39.85,40,PEI ,CAR,3457,81385.10969,8,1680.311839,0.686898963,Gulf of St.Lawrence,Seagrass
25,Cardigan,PEI-CAR-4-SG-4-0-2,PEI-CAR-4-SG-,0,2,0,2.3,1.242310305,2.3,PEI,Gulf of St Lawrence,Cardigan,0.411,Christensen,93.8,0,6.1,4,1.15,5,PEI ,CAR,3457,81385.10969,8,1680.311839,1.469295492,Gulf of St.Lawrence,Seagrass
26,Cardigan,PEI-CAR-4-SG-4-10-20,PEI-CAR-4-SG-,10,20,11.7,23.4,1.206680429,11.7,PEI,Gulf of St Lawrence,Cardigan,0.138,Christensen,82.7,0,17.3,4,17.55,20,PEI ,CAR,3457,81385.10969,8,1680.311839,0.984475577,Gulf of St.Lawrence,Seagrass
27,Cardigan,PEI-CAR-4-SG-4-2-5,PEI-CAR-4-SG-,2,5,2.3,5.9,1.416226774,3.6,PEI,Gulf of St Lawrence,Cardigan,0.343,Christensen,79.6,0,20.4,4,4.1,5,PEI ,CAR,3457,81385.10969,8,1680.311839,1.696582247,Gulf of St.Lawrence,Seagrass
28,Cardigan,PEI-CAR-4-SG-4-20-26.2,PEI-CAR-4-SG-,20,26.2,23.4,30.7,1.457993588,7.3,PEI,Gulf of St Lawrence,Cardigan,0.144,Christensen,69.5,0,30.5,4,27.05,30,PEI ,CAR,3457,81385.10969,8,1680.311839,0.766909731,Gulf of St.Lawrence,Seagrass
29,Cardigan,PEI-CAR-4-SG-4-5-10,PEI-CAR-4-SG-,5,10,5.9,11.7,1.315861892,5.8,PEI,Gulf of St Lawrence,Cardigan,0.126,Christensen,82.5,0,17.5,4,8.8,10,PEI ,CAR,3457,81385.10969,8,1680.311839,1.186569048,Gulf of St.Lawrence,Seagrass
30,Cardigan,PEI-CAR-5-SG-5-0-2,PEI-CAR-5-SG-,0,2,0,2.4,1.281250014,2.4,PEI,Gulf of St Lawrence,Cardigan,0.321,Christensen,94.5,0,5.4,5,1.2,5,PEI ,CAR,3457,81385.10969,8,1680.311839,1.509104515,Gulf of St.Lawrence,Seagrass
31,Cardigan,PEI-CAR-5-SG-5-10-20,PEI-CAR-5-SG-,10,20,11.8,23.6,1.067787582,11.8,PEI,Gulf of St Lawrence,Cardigan,0.225,Christensen,75.8,0,24.1,5,17.7,20,PEI ,CAR,3457,81385.10969,8,1680.311839,1.263131566,Gulf of St.Lawrence,Seagrass
32,Cardigan,PEI-CAR-5-SG-5-2-5,PEI-CAR-5-SG-,2,5,2.4,5.9,0.892200072,3.5,PEI,Gulf of St Lawrence,Cardigan,0.341,Christensen,93.7,0,6.2,5,4.15,5,PEI ,CAR,3457,81385.10969,8,1680.311839,1.421978296,Gulf of St.Lawrence,Seagrass
33,Cardigan,PEI-CAR-5-SG-5-20-26,PEI-CAR-5-SG-,20,26,23.6,30.7,1.488848965,7.1,PEI,Gulf of St Lawrence,Cardigan,0.136,Christensen,75.8,0,24.1,5,27.15,30,PEI ,CAR,3457,81385.10969,8,1680.311839,0.642641129,Gulf of St.Lawrence,Seagrass
34,Cardigan,PEI-CAR-5-SG-5-5-10,PEI-CAR-5-SG-,5,10,5.9,11.8,1.350185544,5.9,PEI,Gulf of St Lawrence,Cardigan,0.243,Christensen,84.6,0,15.4,5,8.85,10,PEI ,CAR,3457,81385.10969,8,1680.311839,1.260451766,Gulf of St.Lawrence,Seagrass
35,Cates Park,BC-CAP-1-SG-1-0-2,BC-CAP-1-SG-1,0,2,0,3.6,1.212646918,3.6,BC,Lower Mainland,Cates Park,0.686,Christensen,93.7,0,6.3,1,1.8,5,BC ,CAP,1935,11932.15437,22,1322.051462,1.012753188,Pacific,Seagrass
36,Cates Park,BC-CAP-1-SG-1-10-20,BC-CAP-1-SG-1,10,20,17.9,35.9,1.362611782,18,BC,Lower Mainland,Cates Park,0.528,Christensen,94.3,0.4,5.5,1,26.9,30,BC ,CAP,1935,11932.15437,22,1322.051462,1.260348449,Pacific,Seagrass
37,Cates Park,BC-CAP-1-SG-1-2-5,BC-CAP-1-SG-1,2,5,3.6,9,1.000623579,5.4,BC,Lower Mainland,Cates Park,0.334,Christensen,96.4,0,3.6,1,6.3,10,BC ,CAP,1935,11932.15437,22,1322.051462,1.036075396,Pacific,Seagrass
38,Cates Park,BC-CAP-1-SG-1-20-22.3,BC-CAP-1-SG-1,20,22.3,35.9,40,1.187277326,4.1,BC,Lower Mainland,Cates Park,0.391,Christensen,95.3,0,4.6,1,37.95,40,BC ,CAP,1935,11932.15437,22,1322.051462,1.093167702,Pacific,Seagrass
39,Cates Park,BC-CAP-1-SG-1-5-10,BC-CAP-1-SG-1,5,10,9,7.9,1.194960595,-1.1,BC,Lower Mainland,Cates Park,0.281,Christensen,95.8,0,4.3,1,8.45,10,BC ,CAP,1935,11932.15437,22,1322.051462,1.252635495,Pacific,Seagrass
40,Centennial Beach,BC-CEB-1-SG-1-0-2,BC-CEB-1-SG-1,0,2,0,3.5,1.586420131,3.5,BC,Lower Mainland,Centennial Beach,0.509,Christensen,93.8,0,6.1,1,1.75,5,BC ,CEB,1935,8718.593092,-10,12570.55231,1.911709219,Pacific,Seagrass
41,Centennial Beach,BC-CEB-1-SG-1-10-20,BC-CEB-1-SG-1,10,20,17.7,35.4,1.162008841,17.7,BC,Lower Mainland,Centennial Beach,0.16,Christensen,100,0,0,1,26.55,30,BC ,CEB,1935,8718.593092,-10,12570.55231,0.796713557,Pacific,Seagrass
42,Centennial Beach,BC-CEB-1-SG-1-2-5,BC-CEB-1-SG-1,2,5,3.5,8.8,1.191315496,5.3,BC,Lower Mainland,Centennial Beach,0.303,Christensen,96.9,0,3,1,6.15,10,BC ,CEB,1935,8718.593092,-10,12570.55231,1.346633416,Pacific,Seagrass
43,Centennial Beach,BC-CEB-1-SG-1-20-31,BC-CEB-1-SG-1,20,31,35.4,54.8,1.349940903,19.4,BC,Lower Mainland,Centennial Beach,0.193,Christensen,98.7,0,1.2,1,45.1,50,BC ,CEB,1935,8718.593092,-10,12570.55231,0.646283868,Pacific,Seagrass
44,Centennial Beach,BC-CEB-1-SG-1-5-10,BC-CEB-1-SG-1,5,10,8.8,7.7,1.179417214,-1.1,BC,Lower Mainland,Centennial Beach,0.197,Christensen,100,0,0,1,8.25,10,BC ,CEB,1935,8718.593092,-10,12570.55231,1.033135946,Pacific,Seagrass
45,Crescent Beach,BC-CRB-1-SG-1-0-2,BC-CRB-1-SG-1,0,2,0,2.7,1.017939132,2.7,BC,Lower Mainland,Crescent Beach,0.169,Christensen,100,0,0,1,1.35,5,BC ,CRB,1935,13699.79929,-1,10063.02181,0.757113201,Pacific,Seagrass
46,Crescent Beach,BC-CRB-1-SG-1-10-20,BC-CRB-1-SG-1,10,20,13.6,27.1,0.884921464,13.5,BC,Lower Mainland,Crescent Beach,0.101,Christensen,100,0,0,1,20.35,25,BC ,CRB,1935,13699.79929,-1,10063.02181,0.75215783,Pacific,Seagrass
47,Crescent Beach,BC-CRB-1-SG-1-2-5,BC-CRB-1-SG-1,2,5,2.7,6.8,0.818602293,4.1,BC,Lower Mainland,Crescent Beach,0.146,Christensen,100,0,0,1,4.75,5,BC ,CRB,1935,13699.79929,-1,10063.02181,0.705112062,Pacific,Seagrass
48,Crescent Beach,BC-CRB-1-SG-1-20-30,BC-CRB-1-SG-1,20,30,27.1,40.7,1.11513166,13.6,BC,Lower Mainland,Crescent Beach,0.088,Christensen,100,0,0,1,33.9,35,BC ,CRB,1935,13699.79929,-1,10063.02181,0.673232764,Pacific,Seagrass
49,Crescent Beach,BC-CRB-1-SG-1-30-37.8,BC-CRB-1-SG-1,30,37.8,40.7,51.3,0.859495097,10.6,BC,Lower Mainland,Crescent Beach,0.088,Christensen,100,0,0,1,46,50,BC ,CRB,1935,13699.79929,-1,10063.02181,0.662831416,Pacific,Seagrass
50,Crescent Beach,BC-CRB-1-SG-1-5-10,BC-CRB-1-SG-1,5,10,6.8,3.6,0.830792247,-3.2,BC,Lower Mainland,Crescent Beach,0.103,Christensen,100,0,0,1,5.2,10,BC ,CRB,1935,13699.79929,-1,10063.02181,0.660388896,Pacific,Seagrass
51,Fulmore,BC-FUL-2-SG-2-0-2,BC-FUL-2-SG-2,0,2,0,3.8,0.567989721,3.8,BC,Central Coast,Fulmore,1.516,Christensen,66.9,0,33.1,2,1.9,5,BC ,FUL,3896,58527.17962,-20,729.1859637,4.810568295,Pacific,Seagrass
52,Fulmore,BC-FUL-2-SG-2-10-20,BC-FUL-2-SG-2,10,20,18.8,37.7,0.731678098,18.9,BC,Central Coast,Fulmore,0.931,Christensen,71.8,0,28.2,2,28.25,30,BC ,FUL,3896,58527.17962,-20,729.1859637,3.187250996,Pacific,Seagrass
53,Fulmore,BC-FUL-2-SG-2-2-5,BC-FUL-2-SG-2,2,5,3.8,9.4,0.629111975,5.6,BC,Central Coast,Fulmore,1.028,Christensen,72.4,0,27.7,2,6.6,10,BC ,FUL,3896,58527.17962,-20,729.1859637,3.545836422,Pacific,Seagrass
54,Fulmore,BC-FUL-2-SG-2-20-29,BC-FUL-2-SG-2,20,29,37.7,54.6,0.668203714,16.9,BC,Central Coast,Fulmore,1.149,Christensen,70.4,0,29.5,2,46.15,50,BC ,FUL,3896,58527.17962,-20,729.1859637,3.221778222,Pacific,Seagrass
55,Fulmore,BC-FUL-4-SG-4-0-2,BC-FUL-4-SG-4,0,2,0,2.66,1.025639584,2.66,BC,Central Coast,Fulmore,1.218,Christensen,66.3,0,33.8,4,1.33,5,BC ,FUL,3896,58527.17962,-20,729.1859637,3.463476071,Pacific,Seagrass
56,Fulmore,BC-FUL-4-SG-4-10-20,BC-FUL-4-SG-4,10,20,13.3,26.6,1.045054984,13.3,BC,Central Coast,Fulmore,0.744,Christensen,72.2,0,27.7,4,19.95,20,BC ,FUL,3896,58527.17962,-20,729.1859637,2.416656339,Pacific,Seagrass
57,Fulmore,BC-FUL-4-SG-4-2-5,BC-FUL-4-SG-4,2,5,2.7,6.65,0.896203587,3.95,BC,Central Coast,Fulmore,1.015,Christensen,70.2,0,29.8,4,4.675,5,BC ,FUL,3896,58527.17962,-20,729.1859637,2.852536277,Pacific,Seagrass
58,Fulmore,BC-FUL-4-SG-4-20-30,BC-FUL-4-SG-4,20,30,26.6,39.9,1.013821515,13.3,BC,Central Coast,Fulmore,0.8,Christensen,73.3,0,26.9,4,33.25,35,BC ,FUL,3896,58527.17962,-20,729.1859637,2.056074766,Pacific,Seagrass
59,Fulmore,BC-FUL-4-SG-4-30-40,BC-FUL-4-SG-4,30,40,39.9,53.2,0.862296984,13.3,BC,Central Coast,Fulmore,0.707,Christensen,69.9,0,30.1,4,46.55,50,BC ,FUL,3896,58527.17962,-20,729.1859637,1.967131474,Pacific,Seagrass
60,Fulmore,BC-FUL-4-SG-4-5-10,BC-FUL-4-SG-4,5,10,6.7,13.3,1.062782088,6.6,BC,Central Coast,Fulmore,0.809,Christensen,73.3,0,26.7,4,10,10,BC ,FUL,3896,58527.17962,-20,729.1859637,2.23650068,Pacific,Seagrass
61,Mason's Island Shallow,NS-MAs-3-SG-3-10-20,NS-MAs-3-SG-3,10,20,10,20,0.4,10,NS,Atlantic,Mason's Island Shallow,4.992,Christensen,71.7,0,28.4,3,15,15,NS ,MAs,3254,12230.32955,13,420.4247518,14.56602693,Atlantic,Seagrass
62,Mason's Island Shallow,NS-MAs-3-SG-3-20-30,NS-MAs-3-SG-3,20,30,20,30,0.3,10,NS,Atlantic,Mason's Island Shallow,4.776,Christensen,69.8,0,30.3,3,25,25,NS ,MAs,3254,12230.32955,13,420.4247518,15.03570981,Atlantic,Seagrass
63,Mason's Island Shallow,NS-MAs-3-SG-3-30-40,NS-MAs-3-SG-3,30,40,30,40,0.3,10,NS,Atlantic,Mason's Island Shallow,5.147,Christensen,69.2,0,31,3,35,35,NS ,MAs,3254,12230.32955,13,420.4247518,14.15236788,Atlantic,Seagrass
64,Mason's Island Shallow,NS-MAs-3-SG-3-40-50,NS-MAs-3-SG-3,40,50,40,50,0.2,10,NS,Atlantic,Mason's Island Shallow,4.94,Christensen,65.7,0,34.2,3,45,45,NS ,MAs,3254,12230.32955,13,420.4247518,12.71433571,Atlantic,Seagrass
65,Mason's Island Shallow,NS-MAs-3-SG-3-5-10,NS-MAs-3-SG-3,5,10,5,10,0.3,5,NS,Atlantic,Mason's Island Shallow,4.944,Christensen,75.1,0,25,3,7.5,10,NS ,MAs,3254,12230.32955,13,420.4247518,15.97434331,Atlantic,Seagrass
66,Mason's Island Shallow,NS-MAs-3-SG-3-50-54.7,NS-MAs-3-SG-3,50,54.7,50,54.7,0.3,4.7,NS,Atlantic,Mason's Island Shallow,5.433,Christensen,69.3,0,30.7,3,52.35,55,NS ,MAs,3254,12230.32955,13,420.4247518,15.97365171,Atlantic,Seagrass
67,Parksville,BC-PAR-1-SG-1-0-2,BC-PAR-1-SG-1,0,2,0,2.9,1.438242308,2.9,BC,Vancouver Island,Parksville,0.078,Christensen,99.9,0,0,1,1.45,5,BC ,PAR,2273,37982.6795,6,5429.014022,0.572737686,Pacific,Seagrass
68,Parksville,BC-PAR-1-SG-1-13-23,BC-PAR-1-SG-1,13,23,18.6,32.9,1.243080273,14.3,BC,Vancouver Island,Parksville,0.089,Christensen,100,0,0,1,25.75,30,BC ,PAR,2273,37982.6795,6,5429.014022,0.638569604,Pacific,Seagrass
69,Parksville,BC-PAR-1-SG-1-2-5,BC-PAR-1-SG-1,2,5,2.9,7.2,1.137792053,4.3,BC,Vancouver Island,Parksville,0.085,Christensen,99.9,0,0,1,5.05,10,BC ,PAR,2273,37982.6795,6,5429.014022,0.643484717,Pacific,Seagrass
70,Parksville,BC-PAR-1-SG-1-23-30,BC-PAR-1-SG-1,23,30,32.9,43,1.420887107,10.1,BC,Vancouver Island,Parksville,0.069,Christensen,99.9,0.2,0,1,37.95,40,BC ,PAR,2273,37982.6795,6,5429.014022,0.527306968,Pacific,Seagrass
71,Parksville,BC-PAR-1-SG-1-30-37,BC-PAR-1-SG-1,30,37,43,53,1.206466397,10,BC,Vancouver Island,Parksville,0.063,Christensen,98.1,0,1.9,1,48,50,BC ,PAR,2273,37982.6795,6,5429.014022,0.661157025,Pacific,Seagrass
72,Parksville,BC-PAR-1-SG-1-5-8,BC-PAR-1-SG-1,5,8,7.2,11.5,1.170449689,4.3,BC,Vancouver Island,Parksville,0.087,Christensen,100,0,0,1,9.35,10,BC ,PAR,2273,37982.6795,6,5429.014022,0.611542872,Pacific,Seagrass
73,Parksville,BC-PAR-1-SG-1-5-8,BC-PAR-1-SG-1,5,8,7.2,11.5,1.170449689,4.3,BC,Vancouver Island,Parksville,0.086,Christensen,100,0,0,1,9.35,10,BC ,PAR,2273,37982.6795,6,5429.014022,0.611542872,Pacific,Seagrass
74,Parksville,BC-PAR-1-SG-1-8-13,BC-PAR-1-SG-1,8,13,11.5,18.6,1.073783085,7.1,BC,Vancouver Island,Parksville,0.077,Christensen,99.9,0,0,1,15.05,20,BC ,PAR,2273,37982.6795,6,5429.014022,0.654886939,Pacific,Seagrass
75,Parksville,BC-PAR-2-SG-2-0-2,BC-PAR-2-SG-2,0,2,0,3.89,0.839703368,3.89,BC,Vancouver Island,Parksville,0.137,Christensen,100,0,0,2,1.945,5,BC ,PAR,2273,37982.6795,6,5429.014022,0.531389026,Pacific,Seagrass
76,Parksville,BC-PAR-2-SG-2-10-20,BC-PAR-2-SG-2,10,20,19.5,38.91,0.872310406,19.41,BC,Vancouver Island,Parksville,0.088,Christensen,100,0,0,2,29.205,30,BC ,PAR,2273,37982.6795,6,5429.014022,0.715361446,Pacific,Seagrass
77,Parksville,BC-PAR-2-SG-2-2-5,BC-PAR-2-SG-2,2,5,3.9,9.73,0.690615141,5.83,BC,Vancouver Island,Parksville,0.087,Christensen,100,0,0,2,6.815,10,BC ,PAR,2273,37982.6795,6,5429.014022,0.667758599,Pacific,Seagrass
78,Parksville,BC-PAR-2-SG-2-20-29.3,BC-PAR-2-SG-2,20,29.3,38.9,57,0.829060857,18.1,BC,Vancouver Island,Parksville,0.062,Christensen,99.9,0.2,0,2,47.95,50,BC ,PAR,2273,37982.6795,6,5429.014022,0.732230779,Pacific,Seagrass
79,Parksville,BC-PAR-2-SG-2-5-10,BC-PAR-2-SG-2,5,10,9.7,19.45,0.937235924,9.75,BC,Vancouver Island,Parksville,0.07,Christensen,99.9,0.2,0,2,14.575,15,BC ,PAR,2273,37982.6795,6,5429.014022,0.699825044,Pacific,Seagrass
80,Parksville,BC-PAR-3-SG-3-0-2,BC-PAR-3-SG-3,0,2,0,3.5,0.664624201,3.5,BC,Vancouver Island,Parksville,0.083,Christensen,99.9,0,0,3,1.75,5,BC ,PAR,2273,37982.6795,6,5429.014022,0.637101811,Pacific,Seagrass
81,Parksville,BC-PAR-3-SG-3-10-20,BC-PAR-3-SG-3,10,20,17.3,34.6,0.946035814,17.3,BC,Vancouver Island,Parksville,0.152,Christensen,100.1,0,0,3,25.95,30,BC ,PAR,2273,37982.6795,6,5429.014022,0.896917635,Pacific,Seagrass
82,Parksville,BC-PAR-3-SG-3-2-5,BC-PAR-3-SG-3,2,5,3.5,8.7,1.143369764,5.2,BC,Vancouver Island,Parksville,0.085,Christensen,100,0,0,3,6.1,10,BC ,PAR,2273,37982.6795,6,5429.014022,0.74822297,Pacific,Seagrass
83,Parksville,BC-PAR-3-SG-3-20-32.4,BC-PAR-3-SG-3,20,32.4,34.6,56.1,0.920590799,21.5,BC,Vancouver Island,Parksville,0.107,Christensen,99,0.4,0.7,3,45.35,50,BC ,PAR,2273,37982.6795,6,5429.014022,0.692957037,Pacific,Seagrass
84,Parksville,BC-PAR-3-SG-3-5-10,BC-PAR-3-SG-3,5,10,8.7,17.3,0.923341329,8.6,BC,Vancouver Island,Parksville,0.116,Christensen,99.9,0.2,0,3,13,15,BC ,PAR,2273,37982.6795,6,5429.014022,0.837776085,Pacific,Seagrass
85,Sacrifice Shallow,NS-SCs-5-SG-5-0-2,NS-SCs-5-SG-5,0,2,0,2,1,2,NS,Atlantic,Sacrifice Shallow,1.404,Christensen,74.1,0,25.9,5,1,5,NS ,SCs,3254,14864.16694,7,1013.474558,4.106180008,Atlantic,Seagrass
86,Sacrifice Shallow,NS-SCs-5-SG-5-10-20,NS-SCs-5-SG-5,10,20,10,20,0.8,10,NS,Atlantic,Sacrifice Shallow,1.762,Christensen,75,0,25,5,15,15,NS ,SCs,3254,14864.16694,7,1013.474558,5.718067505,Atlantic,Seagrass
87,Sacrifice Shallow,NS-SCs-5-SG-5-2-5,NS-SCs-5-SG-5,2,5,2,5,1,3,NS,Atlantic,Sacrifice Shallow,0.893,Christensen,77.6,0,22.3,5,3.5,5,NS ,SCs,3254,14864.16694,7,1013.474558,3.0427526,Atlantic,Seagrass
88,Sacrifice Shallow,NS-SCs-5-SG-5-20-30,NS-SCs-5-SG-5,20,30,20,30,0.6,10,NS,Atlantic,Sacrifice Shallow,2.881,Christensen,69.1,0,30.8,5,25,25,NS ,SCs,3254,14864.16694,7,1013.474558,8.317721993,Atlantic,Seagrass
89,Sacrifice Shallow,NS-SCs-5-SG-5-30-40,NS-SCs-5-SG-5,30,40,30,40,0.7,10,NS,Atlantic,Sacrifice Shallow,2.631,Christensen,69.8,0,30.3,5,35,35,NS ,SCs,3254,14864.16694,7,1013.474558,7.867883996,Atlantic,Seagrass
90,Sacrifice Shallow,NS-SCs-5-SG-5-40-50,NS-SCs-5-SG-5,40,50,40,50,0.6,10,NS,Atlantic,Sacrifice Shallow,2.753,Christensen,66.8,0,33.2,5,45,45,NS ,SCs,3254,14864.16694,7,1013.474558,8.038444736,Atlantic,Seagrass
91,Sacrifice Shallow,NS-SCs-5-SG-5-5-10,NS-SCs-5-SG-5,5,10,5,10,1.3,5,NS,Atlantic,Sacrifice Shallow,0.54,Christensen,84.2,0,15.9,5,7.5,10,NS ,SCs,3254,14864.16694,7,1013.474558,2.388493006,Atlantic,Seagrass
92,Sacrifice Shallow,NS-SCs-5-SG-5-50-55.6,NS-SCs-5-SG-5,50,55.6,50,55.6,0.5,5.6,NS,Atlantic,Sacrifice Shallow,2.238,Christensen,64.2,0,35.7,5,52.8,55,NS ,SCs,3254,14864.16694,7,1013.474558,6.738660907,Atlantic,Seagrass
93,Sambro Deep,NS-SAd-1-SG-1-0-2,NS-SAd-1-SG-1,0,2,0,10.4,0.2,10.4,NS,Atlantic,Sambro Deep,0.795,Christensen,94.1,0,6,1,5.2,10,NS ,SAd,2540,23533.52887,-4,17547.67307,1.324419778,Atlantic,Seagrass
94,Sambro Deep,NS-SAd-1-SG-1-2-5,NS-SAd-1-SG-1,2,5,10.4,26,0.2,15.6,NS,Atlantic,Sambro Deep,0.532,Christensen,94,0,6,1,18.2,20,NS ,SAd,2540,23533.52887,-4,17547.67307,1.695563488,Atlantic,Seagrass
95,Sambro Deep,NS-SAd-1-SG-1-5-10.8,NS-SAd-1-SG-1,5,10.8,26,56.2,0.2,30.2,NS,Atlantic,Sambro Deep,0.849,Christensen,88.8,0,11.1,1,41.1,45,NS ,SAd,2540,23533.52887,-4,17547.67307,1.792382375,Atlantic,Seagrass
96,Sambro Deep,NS-SAd-2-SG-2-0-2,NS-SAd-2-SG-2,0,2,0,2.2,0.9,2.2,NS,Atlantic,Sambro Deep,1.06,Christensen,95.2,0,4.7,2,1.1,5,NS ,SAd,2540,23533.52887,-4,17547.67307,1.325569871,Atlantic,Seagrass
97,Sambro Deep,NS-SAd-2-SG-2-10-20,NS-SAd-2-SG-2,10,20,11.2,22.5,0.9,11.3,NS,Atlantic,Sambro Deep,0.744,Christensen,89.2,0,10.8,2,16.85,20,NS ,SAd,2540,23533.52887,-4,17547.67307,2.86890358,Atlantic,Seagrass
98,Sambro Deep,NS-SAd-2-SG-2-2-5,NS-SAd-2-SG-2,2,5,2.2,5.6,0.9,3.4,NS,Atlantic,Sambro Deep,1.002,Christensen,92.1,0,7.9,2,3.9,5,NS ,SAd,2540,23533.52887,-4,17547.67307,1.962745343,Atlantic,Seagrass
99,Sambro Deep,NS-SAd-2-SG-2-30-40,NS-SAd-2-SG-2,30,40,33.7,44.9,0.9,11.2,NS,Atlantic,Sambro Deep,0.416,Christensen,92.6,0,7.4,2,39.3,40,NS ,SAd,2540,23533.52887,-4,17547.67307,1.891959174,Atlantic,Seagrass
100,Sambro Deep,NS-SAd-2-SG-2-40-48.5,NS-SAd-2-SG-2,40,48.5,44.9,54.5,0.9,9.6,NS,Atlantic,Sambro Deep,0.676,Christensen,90.6,0,9.3,2,49.7,50,NS ,SAd,2540,23533.52887,-4,17547.67307,2.277791533,Atlantic,Seagrass
101,Sambro Deep,NS-SAd-2-SG-2-5-10,NS-SAd-2-SG-2,5,10,5.6,11.2,0.9,5.6,NS,Atlantic,Sambro Deep,0.715,Christensen,86.8,0,13.2,2,8.4,10,NS ,SAd,2540,23533.52887,-4,17547.67307,2.217125382,Atlantic,Seagrass
102,Sambro Deep,NS-SAd-3-SG-3-0-2,NS-SAd-3-SG-3,0,2,0,2.5,0.8,2.5,NS,Atlantic,Sambro Deep,0.083,Christensen,94.6,0,5.4,3,1.25,5,NS ,SAd,2540,23533.52887,-4,17547.67307,0.955253896,Atlantic,Seagrass
103,Sambro Deep,NS-SAd-3-SG-3-10-20,NS-SAd-3-SG-3,10,20,12.3,24.7,0.8,12.4,NS,Atlantic,Sambro Deep,0.357,Christensen,88.7,0,11.2,3,18.5,20,NS ,SAd,2540,23533.52887,-4,17547.67307,1.356227448,Atlantic,Seagrass
104,Sambro Deep,NS-SAd-3-SG-3-2-5,NS-SAd-3-SG-3,2,5,2.5,6.2,0.8,3.7,NS,Atlantic,Sambro Deep,0.384,Christensen,94.1,0,5.8,3,4.35,5,NS ,SAd,2540,23533.52887,-4,17547.67307,1.041279286,Atlantic,Seagrass
105,Sambro Deep,NS-SAd-3-SG-3-39.3-46.7,NS-SAd-3-SG-3,39.3,46.7,48.5,57.6,0.8,9.1,NS,Atlantic,Sambro Deep,0.396,Christensen,94,0,6,3,53.05,55,NS ,SAd,2540,23533.52887,-4,17547.67307,1.29903537,Atlantic,Seagrass
106,Sambro Deep,NS-SAd-3-SG-3-5-10,NS-SAd-3-SG-3,5,10,6.2,12.3,0.8,6.1,NS,Atlantic,Sambro Deep,0.72,Christensen,91.9,0,8.1,3,9.25,10,NS ,SAd,2540,23533.52887,-4,17547.67307,1.711337612,Atlantic,Seagrass
107,Sambro Shallow,NS-SAs-1-SG-1-0-2,NS-SAs-1-SG-1,0,2,0,2.6,0.8,2.6,NS,Atlantic,Sambro Shallow,0.799,Christensen,94.6,0,5.4,1,1.3,5,NS ,SAs,2540,23558.20146,-4,10013.53126,2.015677492,Atlantic,Seagrass
108,Sambro Shallow,NS-SAs-1-SG-1-10-20,NS-SAs-1-SG-1,10,20,12.8,25.6,0.8,12.8,NS,Atlantic,Sambro Shallow,0.155,Christensen,99.5,0,0.5,1,19.2,20,NS ,SAs,2540,23558.20146,-4,10013.53126,0.630641771,Atlantic,Seagrass
109,Sambro Shallow,NS-SAs-1-SG-1-2-5,NS-SAs-1-SG-1,2,5,2.6,6.4,0.8,3.8,NS,Atlantic,Sambro Shallow,1.288,Christensen,92.9,0,7,1,4.5,5,NS ,SAs,2540,23558.20146,-4,10013.53126,3.454703616,Atlantic,Seagrass
110,Sambro Shallow,NS-SAs-1-SG-1-20-30,NS-SAs-1-SG-1,20,30,25.6,38.4,0.8,12.8,NS,Atlantic,Sambro Shallow,0.244,Christensen,98.8,0,1.3,1,32,35,NS ,SAs,2540,23558.20146,-4,10013.53126,0.830132573,Atlantic,Seagrass
111,Sambro Shallow,NS-SAs-1-SG-1-30-35,NS-SAs-1-SG-1,30,35,38.4,44.8,0.8,6.4,NS,Atlantic,Sambro Shallow,0.245,Christensen,98.5,0,1.5,1,41.6,45,NS ,SAs,2540,23558.20146,-4,10013.53126,1.055245189,Atlantic,Seagrass
112,Sambro Shallow,NS-SAs-1-SG-1-5-10,NS-SAs-1-SG-1,5,10,6.4,12.8,0.8,6.4,NS,Atlantic,Sambro Shallow,0.555,Christensen,98.9,0,1.2,1,9.6,10,NS ,SAs,2540,23558.20146,-4,10013.53126,1.444979622,Atlantic,Seagrass
113,Sambro Shallow,NS-SAs-2-SG-2-0-3.5,NS-SAs-2-SG-2,0,3.5,0,42.3,0.1,42.3,NS,Atlantic,Sambro Shallow,1.427,Christensen,91.9,0,8.1,2,21.15,25,NS ,SAs,2540,23558.20146,-4,10013.53126,4.404546629,Atlantic,Seagrass
114,Sambro Shallow,NS-SAs-3-SG-3-0-5.6,NS-SAs-3-SG-3,0,5.6,0,49.6,0.1,49.6,NS,Atlantic,Sambro Shallow,0.633,Christensen,94.2,0,5.8,3,24.8,25,NS ,SAs,2540,23558.20146,-4,10013.53126,2.223610244,Atlantic,Seagrass
115,Sandy Island Exposed,BC-SIE-1-SG-1-0-2,BC-SIE-1-SG-1,0,2,0,2.8,1.134745688,2.8,BC,Vancouver Island,Sandy Island Exposed,0.075,Christensen,100,0,0,1,1.4,5,BC ,SIe,2880,32635.46911,2,24452.5404,0.531520396,Pacific,Seagrass
116,Sandy Island Exposed,BC-SIE-1-SG-1-10-20,BC-SIE-1-SG-1,10,20,14,28,1.141161211,14,BC,Vancouver Island,Sandy Island Exposed,0.048,Christensen,99.9,0,0,1,21,25,BC ,SIe,2880,32635.46911,2,24452.5404,0.600638978,Pacific,Seagrass
117,Sandy Island Exposed,BC-SIE-1-SG-1-2-5,BC-SIE-1-SG-1,2,5,2.8,7,1.696103979,4.2,BC,Vancouver Island,Sandy Island Exposed,0.059,Christensen,100.1,0,0,1,4.9,5,BC ,SIe,2880,32635.46911,2,24452.5404,0.495615707,Pacific,Seagrass
118,Sandy Island Exposed,BC-SIE-1-SG-1-20-30,BC-SIE-1-SG-1,20,30,28,42,1.598668218,14,BC,Vancouver Island,Sandy Island Exposed,0.058,Christensen,100.1,0,0,1,35,35,BC ,SIe,2880,32635.46911,2,24452.5404,0.546176763,Pacific,Seagrass
119,Sandy Island Exposed,BC-SIE-1-SG-1-30-35,BC-SIE-1-SG-1,30,35,42,49,1.583832321,7,BC,Vancouver Island,Sandy Island Exposed,0.065,Christensen,99.9,0,0,1,45.5,50,BC ,SIe,2880,32635.46911,2,24452.5404,0.648414986,Pacific,Seagrass
120,Sandy Island Exposed,BC-SIE-1-SG-1-5-10,BC-SIE-1-SG-1,5,10,7,14,1.077807918,7,BC,Vancouver Island,Sandy Island Exposed,0.061,Christensen,100,0,0,1,10.5,15,BC ,SIe,2880,32635.46911,2,24452.5404,0.585912623,Pacific,Seagrass
121,Sandy Island Exposed,BC-SIE-3-SG-3-0-2,BC-SIE-3-SG-3,0,2,0,2.5,1.103876475,2.5,BC,Vancouver Island,Sandy Island Exposed,0.312,Christensen,95.3,0,4.7,3,1.25,5,BC ,SIe,2880,32635.46911,2,24452.5404,1.076095311,Pacific,Seagrass
122,Sandy Island Exposed,BC-SIE-3-SG-3-10-20,BC-SIE-3-SG-3,10,20,12.6,25.2,1.626155001,12.6,BC,Vancouver Island,Sandy Island Exposed,0.07,Christensen,100,0,0,3,18.9,20,BC ,SIe,2880,32635.46911,2,24452.5404,0.655407109,Pacific,Seagrass
123,Sandy Island Exposed,BC-SIE-3-SG-3-2-5,BC-SIE-3-SG-3,2,5,2.5,6.3,1.204228882,3.8,BC,Vancouver Island,Sandy Island Exposed,0.168,Christensen,98.7,0,1.2,3,4.4,5,BC ,SIe,2880,32635.46911,2,24452.5404,0.766947056,Pacific,Seagrass
124,Sandy Island Exposed,BC-SIE-3-SG-3-20-29,BC-SIE-3-SG-3,20,29,25.2,36.5,1.581355704,11.3,BC,Vancouver Island,Sandy Island Exposed,0.087,Christensen,97.5,0,2.4,3,30.85,35,BC ,SIe,2880,32635.46911,2,24452.5404,0.617283951,Pacific,Seagrass
125,Sandy Island Exposed,BC-SIE-3-SG-3-5-10,BC-SIE-3-SG-3,5,10,6.3,12.6,1.428126251,6.3,BC,Vancouver Island,Sandy Island Exposed,0.077,Christensen,100,0,0,3,9.45,10,BC ,SIe,2880,32635.46911,2,24452.5404,0.670731707,Pacific,Seagrass
126,Sandy Island Protected,BC-SIP-1-SG-1-0-2,BC-SIP-1-SG-1,0,2,0,3,0.714796224,3,BC,Vancouver Island,Sandy Island Protected,0.534,Christensen,84.8,0,15.2,1,1.5,5,BC ,SIp,2880,31746.63298,6,12999.13952,2.184164805,Pacific,Seagrass
127,Sandy Island Protected,BC-SIP-1-SG-1-10-20,BC-SIP-1-SG-1,10,20,15,30,1.143299719,15,BC,Vancouver Island,Sandy Island Protected,0.222,Christensen,95.3,0,4.6,1,22.5,25,BC ,SIp,2880,31746.63298,6,12999.13952,0.914935707,Pacific,Seagrass
128,Sandy Island Protected,BC-SIP-1-SG-1-2-5,BC-SIP-1-SG-1,2,5,3,7.5,1.297361383,4.5,BC,Vancouver Island,Sandy Island Protected,0.161,Christensen,99.8,0,0.2,1,5.25,10,BC ,SIp,2880,31746.63298,6,12999.13952,0.743955363,Pacific,Seagrass
129,Sandy Island Protected,BC-SIP-1-SG-1-20-23,BC-SIP-1-SG-1,20,23,30,34.5,2.871659524,4.5,BC,Vancouver Island,Sandy Island Protected,0.105,Christensen,96.3,0,3.7,1,32.25,35,BC ,SIp,2880,31746.63298,6,12999.13952,0.68119891,Pacific,Seagrass
130,Sandy Island Protected,BC-SIP-1-SG-1-5-10,BC-SIP-1-SG-1,5,10,7.5,15,1.1758585,7.5,BC,Vancouver Island,Sandy Island Protected,0.262,Christensen,97.6,0,2.3,1,11.25,15,BC ,SIp,2880,31746.63298,6,12999.13952,1.018127638,Pacific,Seagrass
131,Sandy Island Protected,BC-SIP-2-SG-2-0-2,BC-SIP-2-SG-2,0,2,0,3.3,1.115126385,3.3,BC,Vancouver Island,Sandy Island Protected,0.34,Christensen,93.4,0,6.6,2,1.65,5,BC ,SIp,2880,31746.63298,6,12999.13952,1.244128475,Pacific,Seagrass
132,Sandy Island Protected,BC-SIP-2-SG-2-10-21.5,BC-SIP-2-SG-2,10,21.5,16.5,35.5,1.643126312,19,BC,Vancouver Island,Sandy Island Protected,0.14,Christensen,96.1,0,3.9,2,26,30,BC ,SIp,2880,31746.63298,6,12999.13952,0.732009926,Pacific,Seagrass
133,Sandy Island Protected,BC-SIP-2-SG-2-2-5,BC-SIP-2-SG-2,2,5,3.3,8.3,1.120792678,5,BC,Vancouver Island,Sandy Island Protected,0.236,Christensen,95.9,0,4.2,2,5.8,10,BC ,SIp,2880,31746.63298,6,12999.13952,1.001878522,Pacific,Seagrass
134,Sandy Island Protected,BC-SIP-2-SG-2-5-10,BC-SIP-2-SG-2,5,10,8.3,16.5,0.919979268,8.2,BC,Vancouver Island,Sandy Island Protected,0.259,Christensen,93.2,0,6.9,2,12.4,15,BC ,SIp,2880,31746.63298,6,12999.13952,0.994461229,Pacific,Seagrass
135,Sandy Island Protected,BC-SIP-3-SG-3-0-2,BC-SIP-3-SG-3,0,2,0,4,0.936272673,4,BC,Vancouver Island,Sandy Island Protected,0.398,Christensen,96.1,0,3.8,3,2,5,BC ,SIp,2880,31746.63298,6,12999.13952,1.132029039,Pacific,Seagrass
136,Sandy Island Protected,BC-SIP-3-SG-3-10-14,BC-SIP-3-SG-3,10,14,19.8,7.9,1.585989164,-11.9,BC,Vancouver Island,Sandy Island Protected,0.209,Christensen,96,0,4.1,3,13.85,15,BC ,SIp,2880,31746.63298,6,12999.13952,0.788827105,Pacific,Seagrass
137,Sandy Island Protected,BC-SIP-3-SG-3-2-5,BC-SIP-3-SG-3,2,5,4,9.9,0.858722815,5.9,BC,Vancouver Island,Sandy Island Protected,0.247,Christensen,98.4,0,1.6,3,6.95,10,BC ,SIp,2880,31746.63298,6,12999.13952,0.912127441,Pacific,Seagrass
138,Sandy Island Protected,BC-SIP-3-SG-3-5-10,BC-SIP-3-SG-3,5,10,9.9,19.8,0.920951847,9.9,BC,Vancouver Island,Sandy Island Protected,0.224,Christensen,96.7,0,3.2,3,14.85,15,BC ,SIp,2880,31746.63298,6,12999.13952,0.859422959,Pacific,Seagrass
139,Sooke,BC-SOO-1-SG-1-0-2,BC-SOO-1-SG-1,0,2,0,3.6,1.063072263,3.6,BC,Vancouver Island,Sooke,0.605,Christensen,95,0,5.1,1,1.8,5,BC ,SOO,2777,31277.59156,13,6339.905435,1.993272705,Pacific,Seagrass
140,Sooke,BC-SOO-1-SG-1-10-20,BC-SOO-1-SG-1,10,20,18.2,36.4,0.582994992,18.2,BC,Vancouver Island,Sooke,0.565,Christensen,80.9,0,19.1,1,27.3,30,BC ,SOO,2777,31277.59156,13,6339.905435,1.724137931,Pacific,Seagrass
141,Sooke,BC-SOO-1-SG-1-2-5,BC-SOO-1-SG-1,2,5,3.6,9.1,0.957278599,5.5,BC,Vancouver Island,Sooke,0.647,Christensen,96.3,0,3.7,1,6.35,10,BC ,SOO,2777,31277.59156,13,6339.905435,1.668711656,Pacific,Seagrass
142,Sooke,BC-SOO-1-SG-1-20-30.3,BC-SOO-1-SG-1,20,30.3,36.4,55.2,0.765854789,18.8,BC,Vancouver Island,Sooke,0.467,Christensen,77.2,0,22.7,1,45.8,50,BC ,SOO,2777,31277.59156,13,6339.905435,1.708442449,Pacific,Seagrass
143,Sooke,BC-SOO-1-SG-1-5-10,BC-SOO-1-SG-1,5,10,9.1,18.2,0.868946024,9.1,BC,Vancouver Island,Sooke,1.06,Christensen,88.2,0,11.8,1,13.65,15,BC ,SOO,2777,31277.59156,13,6339.905435,2.723638181,Pacific,Seagrass
144,Sooke,BC-SOO-2-SG-2-0-2,BC-SOO-2-SG-2,0,2,0,4.7,0.579795058,4.7,BC,Vancouver Island,Sooke,0.289,Christensen,99.9,0,0,2,2.35,5,BC ,SOO,2777,31277.59156,13,6339.905435,1.178167829,Pacific,Seagrass
145,Sooke,BC-SOO-2-SG-2-2-5,BC-SOO-2-SG-2,2,5,4.7,11.9,0.491445335,7.2,BC,Vancouver Island,Sooke,0.282,Christensen,100,0,0,2,8.3,10,BC ,SOO,2777,31277.59156,13,6339.905435,1.186650185,Pacific,Seagrass
146,Sooke,BC-SOO-2-SG-2-5-9.5,BC-SOO-2-SG-2,5,9.5,11.9,22.5,0.667355945,10.6,BC,Vancouver Island,Sooke,0.918,Christensen,97.7,0,2.4,2,17.2,20,BC ,SOO,2777,31277.59156,13,6339.905435,2.295460374,Pacific,Seagrass
147,Sooke,BC-SOO-2-SG-2-9.5-21.5,BC-SOO-2-SG-2,9.5,21.5,22.5,51,0.679977334,28.5,BC,Vancouver Island,Sooke,0.57,Christensen,80.8,0,19.1,2,36.75,40,BC ,SOO,2777,31277.59156,13,6339.905435,2.091152815,Pacific,Seagrass
148,Sooke,BC-SOO-3-SG-3-0-2,BC-SOO-3-SG-3,0,2,0,6.6,0.198714218,6.6,BC,Vancouver Island,Sooke,0.99,Christensen,88.8,0,11.2,3,3.3,5,BC ,SOO,2777,31277.59156,13,6339.905435,4.521177493,Pacific,Seagrass
149,Sooke,BC-SOO-3-SG-3-10-15.4,BC-SOO-3-SG-3,10,15.4,33.1,50.9,0.614888091,17.8,BC,Vancouver Island,Sooke,0.616,Christensen,87.7,0,12.4,3,42,45,BC ,SOO,2777,31277.59156,13,6339.905435,2.047952048,Pacific,Seagrass
150,Sooke,BC-SOO-3-SG-3-2-5,BC-SOO-3-SG-3,2,5,6.6,16.5,0.392333199,9.9,BC,Vancouver Island,Sooke,0.531,Christensen,93.2,0,6.9,3,11.55,15,BC ,SOO,2777,31277.59156,13,6339.905435,2.043132804,Pacific,Seagrass
151,Sooke,BC-SOO-3-SG-3-5-10,BC-SOO-3-SG-3,5,10,16.5,33.1,0.307752276,16.6,BC,Vancouver Island,Sooke,0.554,Christensen,95.4,0,4.5,3,24.8,25,BC ,SOO,2777,31277.59156,13,6339.905435,1.98477094,Pacific,Seagrass
152,Sooke,BC-SOO-4-SG-4-0-2,BC-SOO-4-SG-4,0,2,0,6.5,0.377405497,6.5,BC,Vancouver Island,Sooke,0.495,Christensen,96.6,0,3.5,4,3.25,5,BC ,SOO,2777,31277.59156,13,6339.905435,1.759874853,Pacific,Seagrass
153,Sooke,BC-SOO-4-SG-4-10-16,BC-SOO-4-SG-4,10,16,32.5,19.5,0.474419725,-13,BC,Vancouver Island,Sooke,0.605,Christensen,84.2,0,15.9,4,26,30,BC ,SOO,2777,31277.59156,13,6339.905435,1.861540333,Pacific,Seagrass
154,Sooke,BC-SOO-4-SG-4-2-5,BC-SOO-4-SG-4,2,5,6.5,16.3,0.430086814,9.8,BC,Vancouver Island,Sooke,0.541,Christensen,97.6,0,2.4,4,11.4,15,BC ,SOO,2777,31277.59156,13,6339.905435,1.991264132,Pacific,Seagrass
155,Sooke,BC-SOO-4-SG-4-5-10,BC-SOO-4-SG-4,5,10,16.3,32.5,0.471195513,16.2,BC,Vancouver Island,Sooke,0.477,Christensen,95.2,0,4.9,4,24.4,25,BC ,SOO,2777,31277.59156,13,6339.905435,2.386984931,Pacific,Seagrass
156,Sooke,BC-SOO-5-SG-5-0-2,BC-SOO-5-SG-5,0,2,0,5.3,0.488163002,5.3,BC,Vancouver Island,Sooke,0.624,Christensen,94.2,0,5.8,5,2.65,5,BC ,SOO,2777,31277.59156,13,6339.905435,2.52173913,Pacific,Seagrass
157,Sooke,BC-SOO-5-SG-5-10-14.4,BC-SOO-5-SG-5,10,14.4,26.7,38.5,0.517748639,11.8,BC,Vancouver Island,Sooke,0.726,Christensen,85.4,0,14.7,5,32.6,35,BC ,SOO,2777,31277.59156,13,6339.905435,2.512114257,Pacific,Seagrass
158,Sooke,BC-SOO-5-SG-5-2-5,BC-SOO-5-SG-5,2,5,5.3,13.4,0.375833021,8.1,BC,Vancouver Island,Sooke,0.707,Christensen,95.8,0,4.2,5,9.35,10,BC ,SOO,2777,31277.59156,13,6339.905435,3.012967201,Pacific,Seagrass
159,Sooke,BC-SOO-5-SG-5-5-10,BC-SOO-5-SG-5,5,10,13.4,26.7,0.728990083,13.3,BC,Vancouver Island,Sooke,0.317,Christensen,97.2,0,2.8,5,20.05,25,BC ,SOO,2777,31277.59156,13,6339.905435,1.791490421,Pacific,Seagrass
160,Taylor's Head Deep,NS-THd-1-SG-1-0-2,NS-THd-1-SG-1,0,2,0,3.1,0.6,3.1,NS,Atlantic,Taylor's Head Deep,0.604,Christensen,89.3,0,10.7,1,1.55,5,NS ,THd,562,18665.01085,8,53200.07583,1.84079602,Atlantic,Seagrass
161,Taylor's Head Deep,NS-THd-1-SG-1-10-20,NS-THd-1-SG-1,10,20,15.4,30.8,0.6,15.4,NS,Atlantic,Taylor's Head Deep,0.935,Christensen,82.2,0,17.8,1,23.1,25,NS ,THd,562,18665.01085,8,53200.07583,3.07099341,Atlantic,Seagrass
162,Taylor's Head Deep,NS-THd-1-SG-1-2-5,NS-THd-1-SG-1,2,5,3.1,7.7,0.6,4.6,NS,Atlantic,Taylor's Head Deep,0.604,Christensen,91.5,0,8.5,1,5.4,10,NS ,THd,562,18665.01085,8,53200.07583,1.884672991,Atlantic,Seagrass
163,Taylor's Head Deep,NS-THd-1-SG-1-20-29.7,NS-THd-1-SG-1,20,29.7,30.8,45.7,0.6,14.9,NS,Atlantic,Taylor's Head Deep,0.625,Christensen,80.9,0,19,1,38.25,40,NS ,THd,562,18665.01085,8,53200.07583,1.953511375,Atlantic,Seagrass
164,Taylor's Head Deep,NS-THd-1-SG-1-5-10,NS-THd-1-SG-1,5,10,7.7,15.4,0.6,7.7,NS,Atlantic,Taylor's Head Deep,0.5,Christensen,92.8,0,7.2,1,11.55,15,NS ,THd,562,18665.01085,8,53200.07583,1.686089759,Atlantic,Seagrass
165,Taylor's Head Deep,NS-THd-4-SG-4-10-20,NS-THd-4-SG-4,10,20,11.2,22.4,0.9,11.2,NS,Atlantic,Taylor's Head Deep,0.563,Christensen,83.6,0,16.4,4,16.8,20,NS ,THd,562,18665.01085,8,53200.07583,1.712371262,Atlantic,Seagrass
166,Taylor's Head Deep,NS-THd-4-SG-4-2-5,NS-THd-4-SG-4,2,5,2.2,5.6,0.9,3.4,NS,Atlantic,Taylor's Head Deep,0.964,Christensen,89.8,0,10.2,4,3.9,5,NS ,THd,562,18665.01085,8,53200.07583,3.275409426,Atlantic,Seagrass
167,Taylor's Head Deep,NS-THd-4-SG-4-20-30,NS-THd-4-SG-4,20,30,22.4,33.6,0.9,11.2,NS,Atlantic,Taylor's Head Deep,1.085,Christensen,77.9,0,22.2,4,28,30,NS ,THd,562,18665.01085,8,53200.07583,3.28667833,Atlantic,Seagrass
168,Taylor's Head Deep,NS-THd-4-SG-4-30-42.8,NS-THd-4-SG-4,30,42.8,33.6,47.9,0.9,14.3,NS,Atlantic,Taylor's Head Deep,1.318,Christensen,76.9,0,23.1,4,40.75,45,NS ,THd,562,18665.01085,8,53200.07583,3.837020372,Atlantic,Seagrass
169,Taylor's Head Deep,NS-THd-4-SG-4-30-42.8,NS-THd-4-SG-4,30,42.8,33.6,47.9,0.9,14.3,NS,Atlantic,Taylor's Head Deep,1.318,Christensen,76.9,0,23.1,4,40.75,45,NS ,THd,562,18665.01085,8,53200.07583,3.837020372,Atlantic,Seagrass
170,Taylor's Head Deep,NS-THd-4-SG-4-5-10,NS-THd-4-SG-4,5,10,5.6,11.2,0.9,5.6,NS,Atlantic,Taylor's Head Deep,0.579,Christensen,89.3,0,10.8,4,8.4,10,NS ,THd,562,18665.01085,8,53200.07583,2.100580749,Atlantic,Seagrass
171,TFN Intercauseway,BC-TFN-1-SG-1-0-2,BC-TFN-1-SG-1,0,2,0,4.3,2.004319121,4.3,BC,Lower Mainland,TFN Intercauseway,0.514,Christensen,84,0,16,1,2.15,5,BC ,TFN,1935,7931.438082,-1,3767.029841,2.177158497,Pacific,Seagrass
172,TFN Intercauseway,BC-TFN-1-SG-1-10-20,BC-TFN-1-SG-1,10,20,21.5,43,1.517941919,21.5,BC,Lower Mainland,TFN Intercauseway,0.35,Christensen,86.7,0.6,13.1,1,32.25,35,BC ,TFN,1935,7931.438082,-1,3767.029841,2.048463652,Pacific,Seagrass
173,TFN Intercauseway,BC-TFN-1-SG-1-2-5,BC-TFN-1-SG-1,2,5,4.3,0.7,1.539510531,-3.6,BC,Lower Mainland,TFN Intercauseway,0.493,Christensen,85.5,0,14.5,1,2.5,5,BC ,TFN,1935,7931.438082,-1,3767.029841,2.125251509,Pacific,Seagrass
174,TFN Intercauseway,BC-TFN-1-SG-1-20-25.5,BC-TFN-1-SG-1,20,25.5,43,54.8,1.167149244,11.8,BC,Lower Mainland,TFN Intercauseway,0.326,Christensen,78.8,0,21.1,1,48.9,50,BC ,TFN,1935,7931.438082,-1,3767.029841,2.594635247,Pacific,Seagrass
175,TFN Intercauseway,BC-TFN-1-SG-1-5-10,BC-TFN-1-SG-1,5,10,10.7,21.5,1.453397692,10.8,BC,Lower Mainland,TFN Intercauseway,0.36,Christensen,85.9,0,14.1,1,16.1,20,BC ,TFN,1935,7931.438082,-1,3767.029841,1.801466021,Pacific,Seagrass
176,TFN Intercauseway,BC-TFN-2-SG-2-0-2,BC-TFN-2-SG-2,0,2,0,3.2,1.26602941,3.2,BC,Lower Mainland,TFN Intercauseway,0.441,Christensen,89.6,0,10.3,2,1.6,5,BC ,TFN,1935,7931.438082,-1,3767.029841,1.793155701,Pacific,Seagrass
177,TFN Intercauseway,BC-TFN-2-SG-2-10-20,BC-TFN-2-SG-2,10,20,15.9,31.8,1.077112955,15.9,BC,Lower Mainland,TFN Intercauseway,0.427,Christensen,91.1,0,8.7,2,23.85,25,BC ,TFN,1935,7931.438082,-1,3767.029841,1.627329193,Pacific,Seagrass
178,TFN Intercauseway,BC-TFN-2-SG-2-2-5,BC-TFN-2-SG-2,2,5,3.2,7.9,1.151794735,4.7,BC,Lower Mainland,TFN Intercauseway,0.355,Christensen,90.8,0,9.1,2,5.55,10,BC ,TFN,1935,7931.438082,-1,3767.029841,1.450006304,Pacific,Seagrass
179,TFN Intercauseway,BC-TFN-2-SG-2-20-30,BC-TFN-2-SG-2,20,30,31.8,47.7,1.118851614,15.9,BC,Lower Mainland,TFN Intercauseway,0.377,Christensen,86.9,0,13.1,2,39.75,40,BC ,TFN,1935,7931.438082,-1,3767.029841,1.7532952,Pacific,Seagrass
180,TFN Intercauseway,BC-TFN-2-SG-2-30-34.5,BC-TFN-2-SG-2,30,34.5,47.7,54.8,0.866786303,7.1,BC,Lower Mainland,TFN Intercauseway,0.39,Christensen,82.8,0,17.2,2,51.25,55,BC ,TFN,1935,7931.438082,-1,3767.029841,1.648835746,Pacific,Seagrass
181,TFN Intercauseway,BC-TFN-2-SG-2-5-10,BC-TFN-2-SG-2,5,10,7.9,5.9,1.171182008,-2,BC,Lower Mainland,TFN Intercauseway,0.361,Christensen,90.2,0,9.8,2,6.9,10,BC ,TFN,1935,7931.438082,-1,3767.029841,1.651238429,Pacific,Seagrass
182,TFN Intercauseway,BC-TFN-3-SG-3-0-2,BC-TFN-3-SG-3,0,2,0,3.8,1.622274412,3.8,BC,Lower Mainland,TFN Intercauseway,0.517,Christensen,93,0,7.1,3,1.9,5,BC ,TFN,1935,7931.438082,-1,3767.029841,1.870684244,Pacific,Seagrass
183,TFN Intercauseway,BC-TFN-3-SG-3-10-20,BC-TFN-3-SG-3,10,20,18.9,37.8,1.380729863,18.9,BC,Lower Mainland,TFN Intercauseway,0.364,Christensen,93.3,0,6.7,3,28.35,30,BC ,TFN,1935,7931.438082,-1,3767.029841,1.587701613,Pacific,Seagrass
184,TFN Intercauseway,BC-TFN-3-SG-3-2-5,BC-TFN-3-SG-3,2,5,3.8,9.4,1.350087997,5.6,BC,Lower Mainland,TFN Intercauseway,0.362,Christensen,95.7,0,4.3,3,6.6,10,BC ,TFN,1935,7931.438082,-1,3767.029841,1.358424726,Pacific,Seagrass
185,TFN Intercauseway,BC-TFN-3-SG-3-20-29,BC-TFN-3-SG-3,20,29,37.8,54.8,1.401942372,17,BC,Lower Mainland,TFN Intercauseway,0.291,Christensen,92,0,8,3,46.3,50,BC ,TFN,1935,7931.438082,-1,3767.029841,1.480366328,Pacific,Seagrass
186,TFN Intercauseway,BC-TFN-3-SG-3-5-10,BC-TFN-3-SG-3,5,10,9.4,8.9,1.399093685,-0.5,BC,Lower Mainland,TFN Intercauseway,0.358,Christensen,95.3,0,4.8,3,9.15,10,BC ,TFN,1935,7931.438082,-1,3767.029841,1.511177719,Pacific,Seagrass
187,Tsawwassen,BC-TSW-1-SG-1-0-2,BC-TSW-1-SG-1,0,2,0,4,1.715218111,4,BC,Lower Mainland,Tsawwassen,0.436,Christensen,80.1,0,19.8,1,2,5,BC ,TSW,1935,8487.07946,-2,3471.954224,1.524163569,Pacific,Seagrass
188,Tsawwassen,BC-TSW-1-SG-1-10-20,BC-TSW-1-SG-1,10,20,19.9,39.9,1.437449996,20,BC,Lower Mainland,Tsawwassen,0.646,Christensen,79.7,0,20.3,1,29.9,30,BC ,TSW,1935,8487.07946,-2,3471.954224,2.128473107,Pacific,Seagrass
189,Tsawwassen,BC-TSW-1-SG-1-2-5,BC-TSW-1-SG-1,2,5,4,0,0.918233144,-4,BC,Lower Mainland,Tsawwassen,0.407,Christensen,79.9,0,20.1,1,2,5,BC ,TSW,1935,8487.07946,-2,3471.954224,1.314810221,Pacific,Seagrass
190,Tsawwassen,BC-TSW-1-SG-1-20-29,BC-TSW-1-SG-1,20,29,39.9,57.8,1.41204213,17.9,BC,Lower Mainland,Tsawwassen,0.669,Christensen,73.2,0,26.9,1,48.85,50,BC ,TSW,1935,8487.07946,-2,3471.954224,2.114690882,Pacific,Seagrass
191,Tsawwassen,BC-TSW-1-SG-1-5-10,BC-TSW-1-SG-1,5,10,10,19.9,1.98796276,9.9,BC,Lower Mainland,Tsawwassen,0.565,Christensen,78.2,0,21.9,1,14.95,15,BC ,TSW,1935,8487.07946,-2,3471.954224,1.662887377,Pacific,Seagrass
192,Tsawwassen,BC-TSW-2-SG-2-0-2,BC-TSW-2-SG-2,0,2,0,4.3,1.883981063,4.3,BC,Lower Mainland,Tsawwassen,0.532,Christensen,81.6,0,18.2,2,2.15,5,BC ,TSW,1935,8487.07946,-2,3471.954224,1.925705057,Pacific,Seagrass
193,Tsawwassen,BC-TSW-2-SG-2-10-20,BC-TSW-2-SG-2,10,20,21.6,43.1,1.574486427,21.5,BC,Lower Mainland,Tsawwassen,0.513,Christensen,84.9,0,15.2,2,32.35,35,BC ,TSW,1935,8487.07946,-2,3471.954224,2.111180512,Pacific,Seagrass
194,Tsawwassen,BC-TSW-2-SG-2-2-5,BC-TSW-2-SG-2,2,5,4.3,0.8,1.621654586,-3.5,BC,Lower Mainland,Tsawwassen,0.67,Christensen,83.5,0,16.5,2,2.55,5,BC ,TSW,1935,8487.07946,-2,3471.954224,2.062111801,Pacific,Seagrass
195,Tsawwassen,BC-TSW-2-SG-2-20-25.4,BC-TSW-2-SG-2,20,25.4,43.1,54.8,1.760299864,11.7,BC,Lower Mainland,Tsawwassen,0.735,Christensen,75.7,0,24.3,2,48.95,50,BC ,TSW,1935,8487.07946,-2,3471.954224,2.003733665,Pacific,Seagrass
196,Tsawwassen,BC-TSW-2-SG-2-5-10,BC-TSW-2-SG-2,5,10,10.8,21.6,1.691602715,10.8,BC,Lower Mainland,Tsawwassen,0.617,Christensen,84.1,0,15.8,2,16.2,20,BC ,TSW,1935,8487.07946,-2,3471.954224,2.000250031,Pacific,Seagrass
197,Tsawwassen,BC-TSW-3-SG-3-0-2,BC-TSW-3-SG-3,0,2,0,4.6,1.623758529,4.6,BC,Lower Mainland,Tsawwassen,0.543,Christensen,85.2,0,14.9,3,2.3,5,BC ,TSW,1935,8487.07946,-2,3471.954224,2.04359673,Pacific,Seagrass
198,Tsawwassen,BC-TSW-3-SG-3-10-20,BC-TSW-3-SG-3,10,20,22.8,45.7,1.922266123,22.9,BC,Lower Mainland,Tsawwassen,0.56,Christensen,81.3,0,18.7,3,34.25,35,BC ,TSW,1935,8487.07946,-2,3471.954224,1.89802754,Pacific,Seagrass
199,Tsawwassen,BC-TSW-3-SG-3-2-5,BC-TSW-3-SG-3,2,5,4.6,1.4,1.568450559,-3.2,BC,Lower Mainland,Tsawwassen,0.52,Christensen,84.9,0,15.1,3,3,5,BC ,TSW,1935,8487.07946,-2,3471.954224,2.074222167,Pacific,Seagrass
200,Tsawwassen,BC-TSW-3-SG-3-20-24,BC-TSW-3-SG-3,20,24,45.7,54.8,1.412331637,9.1,BC,Lower Mainland,Tsawwassen,0.649,Christensen,69.6,0,30.4,3,50.25,55,BC ,TSW,1935,8487.07946,-2,3471.954224,1.698089649,Pacific,Seagrass
201,Tsawwassen,BC-TSW-3-SG-3-5-10,BC-TSW-3-SG-3,5,10,11.4,22.8,1.75022165,11.4,BC,Lower Mainland,Tsawwassen,0.568,Christensen,83.9,0,16.1,3,17.1,20,BC ,TSW,1935,8487.07946,-2,3471.954224,2.045397855,Pacific,Seagrass